model_name,predict_time,mse,mae,residuals_mean,mape,model_size,accuracy
presentation_baseline,0.00018533119582721502,0.003959521185606718,0.03541155532002449,592.2005103915117,246.23743253381224,6.499458312988281
presentation_baseline_low,0.00020403578077907446,0.000309835682855919,0.01203258614987135,-994.4124481837837,842.982018586977,6.499458312988281
presentation_baseline_medium,0.00019511273552781855,0.0006610687123611569,0.017238019034266472,-792.3207789240549,207.96478601312208,6.499458312988281
presentation_baseline_high,0.00019040181556963416,0.006861408706754446,0.052385374903678894,1826.7322262160003,87.36568672506802,6.499458312988281
